S2,2,Charlie,charlie@gmail.com,9876543210,2
S3,3,Darshan,darshan@gmail.com,1234567789,1
S4,4,Furkan,furkan@gmail.com,1234560987,1
S5,5,Gulmor,gulmor@gmail.com,12344456768,1
S6,6,Harsh,harsh@gmail.com,1928347560,1
S7,7,Jack,jack@gmail.com,1234591287,1
S8,8,Kunal,kunal@gmail.com,1234567895,1
S9,9,Manoj,manoj@gmail.com,129384503,1
S10,10,nitin,nitin@gmail.com,1234567890,2
S11,11,omkar,om@gmail.com,3435434343,1
S1,arun12@gmail.com,arun12@gmail.com,1234564342,1
